Step,TotalReward
1,0
2,1
3,1
4,3
5,0
6,2
7,1
8,0
9,0
10,0
11,0
12,1
13,0
14,0
15,0
16,2
17,1
18,1
19,3
20,1
21,0
22,1
23,1
24,1
25,0
26,1
27,1
28,0
29,1
30,0
31,1
32,2
33,0
34,0
35,0
36,0
37,1
38,0
39,0
40,2
41,0
42,0
43,1
44,0
45,1
46,0
47,2
48,1
49,0
50,1
51,1
52,2
53,1
54,0
55,2
56,0
57,0
58,0
59,0
60,2
61,0
62,0
63,0
64,1
65,0
66,1
67,1
68,0
69,0
70,2
71,1
72,0
73,1
74,1
75,0
76,0
77,0
78,0
79,1
80,0
81,2
82,0
83,1
84,0
85,2
86,1
87,1
88,1
89,0
90,1
91,1
92,1
93,1
94,2
95,0
96,2
97,1
98,2
99,2
100,0
101,1
102,0
103,0
104,0
105,2
106,1
107,1
108,1
109,0
110,0
111,0
112,1
113,0
114,2
115,1
116,0
117,0
118,0
119,0
120,1
121,0
122,1
123,1
124,1
125,0
126,1
127,1
128,1
129,0
130,1
131,0
132,2
133,0
134,2
135,1
136,1
137,0
138,2
139,0
140,1
141,1
142,1
143,0
144,2
145,1
146,0
147,2
148,2
149,1
150,0
151,1
152,2
153,2
154,0
155,0
156,0
157,0
158,2
159,0
160,1
161,0
162,0
163,0
164,1
165,1
166,0
167,2
168,0
169,2
170,1
171,1
172,0
173,0
174,0
175,0
176,0
177,1
178,2
179,0
180,0
181,0
182,1
183,2
184,0
185,1
186,0
187,0
188,1
189,2
190,0
191,0
192,1
193,0
194,2
195,0
196,1
197,1
198,0
199,0
200,0
201,1
202,0
203,0
204,3
205,2
206,1
207,2
208,0
209,0
210,0
211,1
212,0
213,0
214,0
215,0
216,1
217,2
218,1
219,0
220,1
221,0
222,0
223,1
224,0
225,0
226,2
227,0
228,1
229,3
230,0
231,0
232,1
233,1
234,0
235,1
236,1
237,0
238,0
239,0
240,0
241,1
242,1
243,0
244,0
245,0
246,1
247,0
248,2
249,0
250,1
251,2
252,1
253,1
254,0
255,0
256,2
257,0
258,0
259,1
260,0
261,0
262,2
263,1
264,0
265,1
266,1
267,0
268,0
269,2
270,1
271,0
272,0
273,1
274,1
275,1
276,0
277,1
278,0
279,1
280,1
281,1
282,1
283,0
284,1
285,0
286,0
287,0
288,1
289,2
290,0
291,0
292,2
293,1
294,1
295,0
296,0
297,0
298,0
299,1
300,1
301,1
302,1
303,1
304,0
305,0
306,1
307,0
308,0
309,1
310,2
311,1
312,1
313,1
314,1
315,0
316,0
317,0
318,1
319,1
320,0
321,1
322,0
323,1
324,0
325,2
326,1
327,2
328,1
329,1
330,0
331,0
332,0
333,0
334,1
335,0
336,2
337,1
338,1
339,0
340,0
341,1
342,0
343,1
344,0
345,2
346,2
347,1
348,2
349,0
350,1
351,1
352,1
353,2
354,2
355,1
356,1
357,0
358,0
359,1
360,0
361,1
362,1
363,1
364,2
365,1
366,0
367,1
368,1
369,2
370,2
371,2
372,1
373,0
374,1
375,2
376,1
377,1
378,1
379,1
380,2
381,0
382,0
383,1
384,1
385,3
386,1
387,2
388,2
389,2
390,3
391,1
392,0
393,1
394,2
395,1
396,2
397,4
398,0
399,2
400,1
401,1
402,1
403,2
404,2
405,2
406,2
407,2
408,2
409,1
410,2
411,0
412,0
413,2
414,2
415,3
416,0
417,2
418,2
419,2
420,1
421,0
422,1
423,1
424,2
425,3
426,2
427,3
428,2
429,3
430,1
431,3
432,3
433,2
434,2
435,2
436,2
437,1
438,2
439,2
440,1
441,3
442,1
443,4
444,1
445,1
446,1
447,2
448,2
449,0
450,2
451,0
452,1
453,1
454,2
455,1
456,2
457,2
458,1
459,1
460,0
461,2
462,2
463,2
464,2
465,0
466,1
467,2
468,1
469,1
470,2
471,1
472,3
473,1
474,1
475,0
476,0
477,2
478,0
479,2
480,0
481,0
482,2
483,0
484,1
485,0
486,1
487,1
488,0
489,0
490,1
491,2
492,1
493,1
494,2
495,0
496,1
497,1
498,2
499,1
500,0
501,0
502,1
503,1
504,2
505,0
506,1
507,1
508,1
509,1
510,1
511,1
512,0
513,1
514,1
515,2
516,2
517,0
518,1
519,1
520,1
521,2
522,1
523,0
524,1
525,0
526,1
527,1
528,0
529,3
530,2
531,1
532,0
533,0
534,1
535,1
536,0
537,1
538,0
539,0
540,0
541,1
542,0
543,0
544,1
545,2
546,1
547,0
548,1
549,0
550,0
551,1
552,0
553,0
554,1
555,1
556,0
557,1
558,0
559,1
560,0
561,1
562,0
563,0
564,0
565,1
566,1
567,1
568,1
569,1
570,1
571,0
572,2
573,0
574,1
575,1
576,2
577,0
578,0
579,1
580,1
581,1
582,2
583,2
584,1
585,0
586,1
587,2
588,3
589,3
590,2
591,2
592,1
593,1
594,1
595,1
596,1
597,1
598,1
599,0
600,3
601,0
602,1
603,0
604,1
605,1
606,2
607,3
608,2
609,1
610,1
611,2
612,0
613,2
614,0
615,1
616,0
617,2
618,0
619,0
620,1
621,2
622,0
623,1
624,0
625,3
626,0
627,1
628,1
629,0
630,1
631,2
632,1
633,0
634,0
635,2
636,1
637,2
638,1
639,2
640,0
641,1
642,1
643,2
644,0
645,1
646,2
647,2
648,1
649,2
650,1
651,2
652,2
653,2
654,1
655,2
656,1
657,2
658,2
659,1
660,0
661,1
662,1
663,1
664,0
665,3
666,2
667,1
668,0
669,2
670,3
671,1
672,1
673,1
674,1
675,1
676,1
677,1
678,3
679,1
680,1
681,1
682,2
683,2
684,1
685,3
686,2
687,3
688,2
689,2
690,1
691,1
692,1
693,1
694,1
695,3
696,2
697,0
698,0
699,1
700,2
701,2
702,1
703,3
704,2
705,2
706,1
707,2
708,2
709,3
710,1
711,1
712,1
713,2
714,2
715,3
716,1
717,2
718,1
719,2
720,2
721,2
722,1
723,1
724,0
725,4
726,3
727,1
728,1
729,3
730,1
731,3
732,2
733,1
734,2
735,2
736,3
737,4
738,1
739,2
740,3
741,1
742,3
743,3
744,2
745,1
746,2
747,2
748,0
749,1
750,0
751,2
752,2
753,3
754,1
755,2
756,1
757,3
758,2
759,3
760,2
761,1
762,3
763,1
764,1
765,2
766,1
767,3
768,0
769,1
770,1
771,1
772,1
773,2
774,2
775,2
776,1
777,2
778,1
779,2
780,2
781,2
782,2
783,2
784,2
785,1
786,1
787,2
788,1
789,1
790,1
791,3
792,0
793,4
794,2
795,1
796,0
797,2
798,2
799,2
800,1
801,1
802,2
803,1
804,2
805,0
806,2
807,1
808,2
809,2
810,2
811,2
812,2
813,1
814,1
815,1
816,0
817,2
818,1
819,1
820,0
821,1
822,0
823,2
824,3
825,2
826,1
827,0
828,2
829,1
830,2
831,3
832,3
833,2
834,2
835,2
836,4
837,2
838,3
839,1
840,2
841,3
842,2
843,1
844,2
845,3
846,2
847,3
848,0
849,1
850,1
851,0
852,2
853,2
854,3
855,3
856,3
857,1
858,2
859,1
860,3
861,1
862,0
863,0
864,0
865,3
866,0
867,3
868,1
869,1
870,3
871,3
872,2
873,0
874,0
875,2
876,1
877,2
878,1
879,1
880,2
881,1
882,3
883,0
884,2
885,2
886,0
887,0
888,2
889,1
890,3
891,2
892,1
893,0
894,4
895,3
896,2
897,2
898,0
899,3
900,1
901,3
902,0
903,3
904,1
905,2
906,2
907,0
908,4
909,0
910,1
911,0
912,1
913,0
914,0
915,1
916,2
917,0
918,2
919,1
920,3
921,0
922,2
923,0
924,3
925,0
926,3
927,0
928,4
929,2
930,0
931,3
932,0
933,2
934,2
935,1
936,1
937,1
938,1
939,3
940,4
941,1
942,0
943,2
944,2
945,0
946,2
947,3
948,1
949,0
950,2
951,4
952,2
953,0
954,3
955,3
956,0
957,0
958,1
959,0
960,3
961,3
962,1
963,1
964,0
965,0
966,0
967,3
968,3
969,2
970,0
971,2
972,1
973,0
974,2
975,2
976,2
977,2
978,2
979,2
980,0
981,0
982,2
983,0
984,1
985,0
986,2
987,1
988,1
989,0
990,0
991,2
992,2
993,0
994,1
995,1
996,3
997,2
998,1
999,0
1000,2
