Step,DeltaQ
1,0.023333333333333334
2,0.02538246666666667
3,0.026307296283368007
4,0.025993184010973627
5,0.04000316667676257
6,0.029362421015581827
7,0.025580708404758373
8,0.019721674411186572
9,0.0196822310623642
10,0.03254480328082256
11,0.0333957052282469
12,0.03159714513696568
13,0.03921187056020123
14,0.01385465163822619
15,0.03385967187092237
16,0.017965168525123615
17,0.003226900419211337
18,0.046997949210715685
19,0.0134135439147412
20,0.04155446442732558
21,0.035066349118295315
22,0.037933534106122185
23,0.020573721015472946
24,0.010034167035049335
25,0.04246370143903213
26,0.03397451627603955
27,0.028770230257021023
28,0.023236768092068927
29,0.009804859559731205
30,0.03486185651892623
31,0.016508417476741755
32,0.019452998943663646
33,0.041004776894302736
34,0.041084989575656074
35,0.0487001928265825
36,0.008404322288212085
37,0.010709773602349287
38,0.021667400601438066
39,0.020342128828885867
40,0.044645855060431845
41,0.0430686384356424
42,0.02452367206077559
43,0.04758179047639401
44,0.026104722749682147
45,0.04913921793906775
46,0.0399908017516411
47,0.012393806936130791
48,0.010037142455622317
49,0.014954828364250519
50,0.045756511747369874
51,0.007637191420824363
52,0.02115321765856723
53,0.04498241991545314
54,0.021435087312008855
55,0.019583481822552457
56,0.034297823122961674
57,0.030942810824478306
58,0.018709452246440605
59,0.02147335564339592
60,0.04091391049779858
61,0.017508918726961364
62,0.03308697808541993
63,0.0418535057524512
64,0.024742365317524967
65,0.018610274518464254
66,0.018409659270258533
67,0.01682102104733868
68,0.0030954861302281977
69,0.03535915790974553
70,0.020666110564219742
71,0.03290832202731126
72,0.03947684946842203
73,0.039285597332697875
74,0.017453251713053175
75,0.023156414275609827
76,0.0200422265845846
77,0.02269286645558677
78,0.02245297112457656
79,0.022215996729392118
80,0.061122995406554345
81,0.004740421297888542
82,0.026635421726747238
83,0.03433025985382093
84,0.02159457417777444
85,0.01608815114659251
86,0.01231330147350268
87,0.019642797343256337
88,0.022238984366154096
89,0.048777759712547074
90,0.02147494593500887
91,0.010830632207815827
92,0.027714410040407256
93,0.016577477248736427
94,0.04740954655012561
95,0.02665381116049015
96,0.0200638832674321
97,0.04794356260655405
98,0.0022879541660471014
99,0.018010955931569036
100,0.051376147716549
101,0.017950441533097272
102,0.044356054700888624
103,0.011350681961782627
104,0.015497449316763695
105,0.007220230361013227
106,0.001236897689705918
107,0.019468476289700935
108,0.04238152908500964
109,0.005948917062728432
110,0.03364054700459994
111,0.005004791925230845
112,0.028503947817488773
113,0.015607542413773379
114,0.006541166016626743
115,0.023117341078266518
116,0.012246453658324552
117,0.037633852955988395
118,0.02142419023597053
119,0.010855030918960062
120,0.007444877377619397
121,0.018998544158609798
122,0.017808911821420803
123,0.015022810024677313
124,0.01226956118298922
125,0.012699335670531386
126,0.04919151782020811
127,0.015491247674983055
128,0.022040507706213686
129,0.002408530861306435
130,0.04254137430342769
131,0.014454323006859449
132,0.01182812488471846
133,0.013992548443829134
134,0.052307454844463336
135,0.014364819089623282
136,0.001761156561788324
137,0.017756879067787112
138,0.021617100474934592
139,0.0009543227266272103
140,0.044086209884477354
141,0.015571642545535391
142,0.00917749649944144
143,0.032725603304637085
144,0.0012325028939259575
145,0.02511719331692519
146,0.013606168352996773
147,0.0006830293803833376
148,0.026394550870076416
149,0.020966471789466423
150,0.013348152162863336
151,0.0034326949620957503
152,0.024280415675698497
153,0.018062016978535156
154,0.013253949902671924
155,0.02687080580065787
156,0.02261237555305884
157,0.05652008672271448
158,0.02997457843660785
159,0.03826963773189551
160,0.01499383124243614
161,0.004703886981971661
162,0.02045665614513964
163,0.006388518670096155
164,0.03191396820379078
165,0.021971655512924793
166,0.016978563536430125
167,0.014431998397504975
168,0.05534518624443044
169,0.0410047752829478
170,0.02186444530900411
171,0.017684887816615924
172,0.0460610688769052
173,0.01192044818663629
174,0.014169855857088631
175,0.05714826552052502
176,0.009317140396973733
177,0.013919885481474936
178,0.011455626091665172
179,0.0022870480026262463
180,0.015430500775215905
181,0.012967274048200805
182,0.0052118706429507555
183,0.029597724930380237
184,0.014784300126939376
185,0.029502172254225245
186,0.024296545681744275
187,0.01986021464960186
188,0.004834507787122244
189,0.03982298142555167
190,0.023026075285975445
191,0.006753741976455618
192,0.011818135623855253
193,0.01097155044440623
194,0.06450083484620796
195,0.0021829272420031964
196,0.020821753028727907
197,0.05791062585135314
198,0.015880741843170898
199,0.015314599390733097
200,0.03920351708292549
201,0.014382669089349154
202,0.009799648450715792
203,0.011939229131020301
204,0.014055961840982567
205,0.013934418918391422
206,0.01906504218620131
207,0.001743615825027578
208,0.04838205692043607
209,0.009209640379519324
210,0.01351785849947762
211,0.054520440046583386
212,0.011190380690457857
213,0.013275285472926335
214,0.00663369079559184
215,0.013092524055662302
216,0.01731606802835073
217,0.030503264390481677
218,0.05430804282101385
219,0.01298870956575493
220,0.012878949408836271
221,0.0561863597213271
222,0.012744742355869199
223,0.05298484720528258
224,0.01047926791367848
225,0.008262659749690315
226,0.01244241245696509
227,0.010218164920539952
228,0.01224884457167641
229,0.005811502470301044
230,0.0036556109776955115
231,0.009935162450958379
232,0.005654521010996727
233,0.013987294736109934
234,0.057170851899359304
235,0.030587527862742214
236,0.033284227803040994
237,0.019667163754045536
238,0.05902809949422083
239,0.007713691879438711
240,0.011781964124171873
241,0.007562290053828469
242,0.03609996105372415
243,0.05177872792544332
244,0.01179100196368621
245,0.05296815189167419
246,0.009630599496185721
247,0.01362649377451075
248,0.013516135659463524
249,0.035548693232948736
250,0.048624460057227016
251,0.01154801137346273
252,0.011455048194592088
253,0.009350290052077437
254,0.04955442762133486
255,0.004200599309936548
256,0.011485556354846493
257,0.023933061418143553
258,0.03791231167568365
259,0.013423807370398055
260,0.044569817986793214
261,0.027906112647267833
262,0.04490442521508578
263,0.0035229178315683285
264,0.02194290330094939
265,0.041011323457940535
266,0.012470721015580666
267,0.010962805960704869
268,0.019050148598548367
269,0.037939726121940465
270,0.013346462508242007
271,0.009359147128209622
272,0.021001022198590125
273,0.027790463320234715
274,0.016323413379779717
275,0.02907679983363104
276,0.04093465018647982
277,0.009408331747119192
278,0.029650693988700197
279,0.026889787031614598
280,0.00660887845725755
281,0.018524426869446317
282,0.043271587345677764
283,0.04677104211207203
284,0.009261516705726058
285,0.01399391689746965
286,0.032052790354856864
287,0.02625025555796534
288,0.0032396804682598423
289,0.03892244257354735
290,0.007326649496323223
291,0.011001486799186333
292,0.036157888884973066
293,0.010896209475994012
294,0.013916699813049771
295,0.010851366582898536
296,0.019329539769987664
297,0.0028921450967070994
298,0.010227550459152579
299,0.023313634551864804
300,0.02251482786735117
301,0.04777672326492266
302,0.015753472887589742
303,0.021145329221162606
304,0.010176776901394347
305,0.010101050761730068
306,0.001519617755205982
307,0.01892103037629911
308,0.019052406332507876
309,0.002943247336054
310,0.009851583327271207
311,0.01724200245530705
312,0.00873306912428562
313,0.0001392373704397487
314,0.0040848117145164675
315,0.026396869074101575
316,0.01678164206772248
317,0.008600437361431235
318,0.005320673237209528
319,0.002410897877281215
320,0.009433488094796272
321,0.011523742630987988
322,0.02784971481402565
323,0.048959910936745114
324,0.006661835251449366
325,0.012978862917336742
326,0.004639903628360198
327,0.0022509233269119022
328,0.009163010092983703
329,0.0090971663404249
330,0.0038564404832152066
331,0.016234647647955902
332,0.008907961423555877
333,0.007931341755214816
334,0.02964290074803015
335,0.017392071095475692
336,0.0054403708349765045
337,0.008714907223910329
338,0.011114402755346586
339,0.00798633112125835
340,0.040016467783159454
341,0.003922366411721945
342,0.0017911218126265283
343,0.008489590530762148
344,0.03642307207712531
345,0.012853504584437236
346,0.006080310145600065
347,0.0034060875013842695
348,0.02181054184939002
349,0.04045408437734184
350,0.0005892808139573713
351,0.006748334562021729
352,0.006375106243182049
353,0.004706326396934357
354,0.013404142029102672
355,0.009203997882269666
356,0.005865072536745508
357,0.0007026226149495773
358,0.01170480078842917
359,2.8804119181602417e-05
360,0.011004536212333438
361,0.010414150287618607
362,0.009181972953600348
363,0.013747624727452834
364,0.0021176055478431266
365,0.011413209882110587
366,0.004729276905772406
367,0.011050408530833056
368,0.004638584741096463
369,0.007798259166649446
370,0.008985782334127612
371,0.00479769054819934
372,0.0023156669994620627
373,0.010780376914173107
374,0.008752819284240543
375,0.003899595090777197
376,0.004537581593994755
377,0.00754362015783816
378,0.011725299031577374
379,6.874386094257723e-06
380,0.007503646200755831
381,0.044025486075337
382,0.007901584348007917
383,0.007450774151796069
384,0.007408941511508171
385,0.011818638835956352
386,0.00940424987975419
387,0.007275797031189413
388,0.008185952703521293
389,0.00802245385518574
390,0.014228464575503308
391,0.008568685774033913
392,0.009661095733228264
393,0.00836797342832285
394,0.00831313765317443
395,0.0007091898270935593
396,0.03594501599871229
397,0.009488987753346056
398,0.00971806606642256
399,0.007163711704610609
400,0.009688800383768847
401,0.004211826714900946
402,0.006841589171261875
403,0.006797312110776055
404,0.010227223407261898
405,0.03684340092313526
406,0.004937420708953977
407,0.0084307251349518
408,0.004982987989969212
409,0.006423791199819173
410,0.001572237445532143
411,0.009973421917083947
412,0.006350207726407264
413,0.006309673610923494
414,0.0062694535414881125
415,0.006874222793564866
416,0.007920619215646019
417,0.0064209523558750314
418,0.003026049124761565
419,0.011883116269601701
420,0.0061377867209956305
421,0.004661210771204072
422,0.0024614016223263313
423,0.01700746225717087
424,0.003911008068323452
425,0.009993276040089483
426,0.002688942979050757
427,0.0011603504552860633
428,0.015745622973029394
429,0.004775955792100661
430,0.008007582356902243
431,0.0034651889163566096
432,0.006359872266661681
433,0.005606796155004257
434,0.009139136260410519
435,0.005962720427920676
436,0.008803594186126307
437,0.007166538875596595
438,0.007667370520911931
439,0.004498368098307282
440,0.011600665447561442
441,0.004708703344553866
442,0.00585656417451641
443,0.008193375236539069
444,0.010499910547484004
445,0.005471544782805315
446,0.004275162569539415
447,0.029581701555741566
448,0.011312561575608782
449,0.00569544751193618
450,0.006475862460930459
451,0.0003424586122474649
452,0.014498362698054601
453,0.005535580359078307
454,0.006061299306576617
455,0.005240197551980796
456,0.005455795526094764
457,0.003076358557232539
458,0.005524003890358786
459,0.006407566622620764
460,0.00803790745255073
461,0.007989828541691057
462,0.005362341133408277
463,0.008187653208198031
464,0.005420325906811074
465,0.008000840183062685
466,0.007692792706331386
467,0.0031076265384024637
468,0.007469832614909855
469,0.007155122963778959
470,0.0034892729893604146
471,0.009571585781966263
472,0.005189159172806379
473,0.007352899792498313
474,0.005701614622809492
475,0.007237514831940128
476,0.0015285354443119736
477,0.014230689402512042
478,0.005177499201840519
479,0.017484577053614503
480,0.006328381564038477
481,0.0075666004757182215
482,0.007747712774871296
483,0.027327573555850915
484,0.04470081635749521
485,0.006183221986134857
486,0.007489272117836565
487,0.008786035280355486
488,0.001005239566909566
489,0.013280389444039753
490,0.0031259392891562765
491,0.004713263149164759
492,0.012404847268109198
493,0.003741993264148036
494,0.009791617901309668
495,0.012523209101613086
496,0.004892318440306909
497,0.007190201463099566
498,0.00701301450372549
499,0.006973111452531433
500,0.007986649771754672
501,0.01306247066265298
502,0.025949986204359288
503,0.0350716114768056
504,0.00279673203005093
505,0.01178209987152501
506,0.0066542117295554926
507,0.030094996013208003
508,0.010010443607512909
509,0.006559633344126459
510,0.034676720714132775
511,0.011536285705146976
512,0.0034254563148301553
513,0.003749010131168351
514,0.009373375526755323
515,0.0015191640739240508
516,0.007145206366204082
517,0.007105484330246936
518,0.00044319686968807837
519,0.013228354186160307
520,0.03352569880694889
521,0.003199174379715286
522,0.013959062623153828
523,0.0011733122842862986
524,0.013553164651181282
525,0.0003722168670825532
526,0.0030293375825900526
527,0.012728251364600873
528,0.002544341319154375
529,0.0029234738004688676
530,0.006275345132966459
531,0.013844933115452429
532,0.02935061269102482
533,0.0062638610873085865
534,0.012236944913275982
535,6.132592766316947e-05
536,0.0050208243023188714
537,0.0038537605722795965
538,0.01356404842000019
539,0.02424045680084591
540,0.01128514818024684
541,0.024107506275158064
542,0.008354535963360554
543,0.012637966662650602
544,0.023020259586051584
545,0.007197181074663606
546,0.006039115904244552
547,0.03065516457254329
548,0.005994782291008027
549,0.008824130423944365
550,0.028281340707349112
551,0.00041175195190579217
552,0.00846617463828847
553,0.0031676305505383695
554,0.006947955245981796
555,0.004712124187948308
556,0.002492568858656785
557,0.0035745097058335062
558,0.003555640676544125
559,0.01577118670757882
560,0.028877967952540107
561,0.00564783316088624
562,0.003449752223784963
563,0.00775981076220611
564,0.006639277255961806
565,0.0028807007777281735
566,0.004614122547326405
567,0.008248749432869462
568,0.0054844651092310626
569,0.00545590553542763
570,0.006494510807128373
571,0.0032662333055396564
572,0.0007302853258951414
573,0.005569576385802244
574,0.005540751530245358
575,0.013653937087756862
576,0.02942779577835919
577,0.019689964104725788
578,0.028599850133884663
579,0.005511071314809546
580,0.002345260576577579
581,0.006560297411205118
582,0.002339545515960606
583,0.006395153075668514
584,0.01791092134013539
585,0.023861524016644542
586,0.005048720463531553
587,0.005359120723385291
588,0.012077123150202373
589,0.023991472617903464
590,0.01766617861646813
591,0.022495740699340072
592,0.0032706467791800975
593,0.004060392384003575
594,0.020168367106969454
595,0.013061940822294062
596,0.004066053557865157
597,0.0013885213377143324
598,0.023291885954995317
599,0.02334401246653961
600,0.003014353843441473
601,0.028817207282836845
602,0.0012523563264633664
603,0.0032436350860460816
604,0.030047049580409317
605,0.0028688409668670145
606,0.005667524092196841
607,0.0031995949929266576
608,0.004172524478467943
609,0.0031649840487470993
610,0.003149302798312603
611,0.0031337178522036213
612,0.0021372952256624167
613,0.003105715002196141
614,0.014021479978129636
615,0.0038620738071734606
616,0.02157896506464496
617,0.0021415835724178933
618,0.0011618526171022214
619,0.004058004427267559
620,0.0021074407017832586
621,0.0030605518716577684
622,0.003045602695559646
623,0.0020711768384403806
624,0.003976380379250077
625,0.012878619882915054
626,0.01836504273243883
627,0.00017033735175930875
628,0.008985533647006022
629,0.018992861761594315
630,0.007874249884489037
631,0.019122459463855324
632,0.00996086968582155
633,0.018458372180765514
634,0.01044287539947153
635,0.018538518762603762
636,0.0021259244450261283
637,0.006817747956581521
638,0.003914104258073148
639,0.029219184735183854
640,0.0030390963430856344
641,0.023882548180336777
642,0.00016860541193886025
643,0.00016646678645770852
644,0.0048756179233259145
645,0.0029213365091409482
646,0.0010746930366641871
647,0.00015504303491542526
648,0.004730354249630753
649,0.0038974220557640438
650,0.005705212237168467
651,0.003769539591730431
652,0.003751761202652859
653,0.0028304549140742985
654,0.0010134865483566458
655,0.001763219832960905
656,0.00471552974684275
657,0.0038704794301654966
658,0.0007913132070037632
659,0.0018909168286870282
660,0.001882080251379703
661,4.318505404687922e-05
662,0.003801361181038243
663,0.0007914692365267317
664,0.0036319617314279906
665,0.0009685398505820952
666,0.005366132466861129
667,0.0009479715578375458
668,0.003574280054440493
669,0.020751094256707847
670,0.0028059498316268527
671,0.004536297608785489
672,0.003645481321881805
673,0.00539078593780018
674,0.0035294189596362102
675,0.012415801534391813
676,0.020295777979222773
677,0.00444706574590803
678,0.005286223046271243
679,0.0026886488433766065
680,0.004388534021877888
681,0.0052228802704648025
682,0.005199074441362472
683,0.005023780297048641
684,0.002806252541438514
685,0.0042943918434003026
686,0.0051207676946088965
687,0.007630068658545208
688,0.006753041976476304
689,0.007320634797775941
690,0.025947815892525566
691,0.003345890280146202
692,0.005026616767449532
693,0.003410422542083902
694,0.004137369260365675
695,0.004118783067176279
696,0.012376138660371572
697,0.0032850422824217684
698,0.02108886875405247
699,0.009450551160426257
700,0.019012746144477677
701,0.005754886856223496
702,0.00888260708168076
703,0.01754597699704402
704,0.004912159308048447
705,0.007532370093459639
706,0.016955650301572978
707,0.006136667291000042
708,0.0014253576310331861
709,0.015467035969322362
710,0.007196170016083081
711,0.000571480748630282
712,0.01412663531043662
713,0.0015492258390538138
714,0.005049236840031002
715,0.003724333832176907
716,0.002911430258568104
717,0.0013087401981991542
718,0.002096379726487574
719,0.00576938342443456
720,0.015898483992683857
721,0.0005152739254233873
722,0.0028741587534464874
723,0.0020761678263808148
724,0.0012832339991953878
725,0.0020599869654029934
726,0.0043933414261838055
727,0.0028158748413321666
728,0.006623545587915947
729,0.013113012487451496
730,0.003582400024877863
731,0.00047496767898341785
732,0.002015806584345914
733,0.0020071190557622853
734,0.0035352009324791656
735,0.007908362916004275
736,0.01117548801178618
737,0.0005589325598869266
738,0.006562417824043876
739,0.003508694597813722
740,0.0027344989535204034
741,0.00499582026927381
742,0.023771099308510305
743,0.004055755040471953
744,0.012748241373178149
745,0.00519263547372717
746,0.013055371421984041
747,0.0038262979355043747
748,0.006051443235937093
749,0.0042475581094510995
750,0.003349576007437849
751,0.003335414158528671
752,0.00258016145085449
753,0.0018295923557216653
754,0.010210716892796401
755,0.004489787763235942
756,0.005857434162874875
757,0.0029167214012508214
758,0.007122015207514543
759,9.465974810685118e-05
760,0.0028772895991304726
761,0.009042936537271729
762,0.00014178325836222694
763,0.0013840890150392249
764,0.0058709282263583185
765,0.0008234950069776481
766,0.007215092583031435
767,0.00022330958411853619
768,0.015258302594452489
769,0.005305297976031187
770,0.0031700662062734697
771,0.0031569405227864777
772,0.01015844297058377
773,0.00575509263306706
774,0.002589332205872208
775,0.0008643736672668823
776,0.005386271664880593
777,0.013038267364985312
778,0.007364694295622254
779,0.004394882190072058
780,0.009829890524626794
781,0.00918117062603585
782,0.00446178574706485
783,0.0011402474796956552
784,0.005243796740458995
785,0.01265010156867713
786,0.004836849177393021
787,5.934678274177596e-05
788,0.014547864941092725
789,0.0011817450498695647
790,0.006670227497757697
791,0.0037331097445504335
792,0.011626683201178989
793,0.001468040644108326
794,0.0059164782987876086
795,0.009532575476329685
796,0.016448028186287628
797,0.004084310571383032
798,0.010359419777356549
799,0.0027642313723458267
800,0.004772892447831967
801,0.0025895749758222397
802,0.0028799860362445084
803,0.0029444305079665556
804,0.01097851735523725
805,0.0005575675577811356
806,0.0019340933444028652
807,0.0035815785913728693
808,0.005537671499541541
809,0.003893426292371993
810,0.007896004329122186
811,0.003541886166472219
812,0.002245270965465118
813,0.00584161179568804
814,0.010710243434808975
815,0.003009512892008015
816,0.002060018284625098
817,0.0020518767046026065
818,0.0013943473610549262
819,0.006445310205292154
820,0.019754449475257847
821,0.007137166976112885
822,0.003609444305827214
823,0.008991331309222805
824,0.0020428347154689552
825,0.0007540437491866392
826,0.0026684185630961865
827,0.0011690122645038326
828,0.02021723864640254
829,0.0032848649686534337
830,0.0013700113309205175
831,0.0017160695721077923
832,0.001633016400172882
833,0.004507050620177755
834,0.017699684742929017
835,0.0019697645288304644
836,0.001170085767030482
837,0.007171445007191246
838,0.0036623571665738153
839,0.004270881554792216
840,0.002390041630470907
841,0.01400193806765182
842,5.579623482820928e-05
843,0.0015350497991284406
844,0.00194637545745302
845,0.002554145774605554
846,0.003772382778433281
847,0.001919511711828914
848,0.003135293868237743
849,0.002077491261386899
850,0.007502722124324679
851,0.01215619534060608
852,0.006530364793297605
853,0.012991011290770293
854,0.004396596582184942
855,0.0012551319332378963
856,0.0036799082934826366
857,0.0036444392993898456
858,0.0013435901182553556
859,0.004841228860710145
860,0.011886234652758787
861,0.018893113264787702
862,0.0013989165718079066
863,0.012884601092014884
864,0.009736285953019008
865,0.004040549327948173
866,0.009047715717590998
867,0.002827918337538593
868,0.0013060810484144536
869,0.00426863637596786
870,0.0025158199731335484
871,0.003664284271475693
872,0.00306766676051351
873,0.009146388491726332
874,0.002825490186371349
875,0.005726453419336752
876,0.007557817855855409
877,0.0037554462411447664
878,0.0003134637609393254
879,0.0067209612898919135
880,0.008002520689351478
881,0.0037360309707106243
882,0.002780275396889853
883,0.0023633463006444977
884,0.0023545850560170445
885,0.007347783487497095
886,0.0036597293616899007
887,0.006006568725643535
888,0.004056083105884789
889,0.006765256670678954
890,0.015865155438152964
891,0.006485519229795678
892,0.00854528562599377
893,0.0017854643821246796
894,0.002289720851274213
895,0.0007155238548525178
896,0.0005261308154664857
897,0.0048656430254646055
898,0.007996001087581028
899,0.0016957181380131692
900,0.0016895231389749688
901,0.005586446999402139
902,0.006632016325781809
903,0.003942128492791963
904,0.016486982525148547
905,0.012672589523563316
906,0.0163147492151598
907,0.0016930247195228176
908,0.00295243786430488
909,0.002668782326560981
910,0.0007709869373342393
911,0.011211032282880895
912,0.007296798281293173
913,0.00897733751927754
914,0.0022560360698213877
915,0.0024343535563248198
916,0.006251762383323922
917,0.0161926455290552
918,0.0035944446565663313
919,0.0016360042799873353
920,0.006296940915955562
921,0.0023427105086518685
922,0.006649666923607245
923,0.001636776251771721
924,0.003725147903026249
925,0.0027945603765393567
926,0.004586726857776058
927,0.011158199320789153
928,0.0016192620488154619
929,0.01760563228688444
930,0.000572308037032454
931,0.0005702741517760179
932,0.001085156588609193
933,0.003660674400559394
934,0.0026180155273387573
935,0.0005534956858518347
936,0.0023606669985209994
937,0.005898533794957195
938,0.014842979585478165
939,0.0015005212927470257
940,0.005246062407891272
941,0.002294354172278801
942,0.0019435840046066813
943,0.01597793043092411
944,0.009718860949932684
945,0.013496517544174982
946,0.003631397110888779
947,0.0036749863598812826
948,0.002807134251355703
949,0.000842551062296415
950,0.007980006601318729
951,0.009449488468428358
952,0.008050295899220794
953,0.008931273354882488
954,0.0017252948492616493
955,0.007753031159323229
956,0.009626784166933244
957,0.003564239137912595
958,0.009629850270373885
959,0.012865348244706296
960,0.002574332367585308
961,0.007836265387669128
962,0.01350482843264185
963,0.004023992575195368
964,0.002300717003645203
965,0.0003363535743643453
966,0.001576268410035775
967,0.0025346917546555936
968,0.002194220812555825
969,0.010672978572694669
970,0.010864324873840564
971,0.003446092267111678
972,0.0020366316977655785
973,0.0024927489774669853
974,0.0029594304358393497
975,0.00247503053171394
976,0.007049253097134223
977,0.000735066723635297
978,0.0030897089844403314
979,0.00025624333135934596
980,0.0026031027034553733
981,0.011372910144823445
982,0.002914675253298249
983,0.0019712949325129125
984,0.006679924833240314
985,0.006542696051671959
986,0.007123877898739472
987,0.006465346382507953
988,0.011382659723400551
989,0.0018483987477013741
990,0.006195917262764139
991,0.011639894392108635
992,0.0008184244175523103
993,0.0073024547571890475
994,0.011877420052826826
995,0.0029666249876010298
996,0.008223082863767328
997,0.00865344357147535
998,0.01182034171709237
999,0.0025108515929954667
1000,0.00562077003905951
1001,0.006253816591519329
1002,0.008358390827739037
1003,0.0008270949837481112
1004,0.0028216690229674324
1005,0.0037054932983486832
1006,0.005373258622009325
1007,0.012377464068101252
1008,0.004767657999292019
1009,0.008005396166177348
1010,0.011338923576727361
1011,0.0037415823653385027
1012,0.010633144572549713
1013,0.0009207567849759402
1014,0.0018354982588760782
1015,0.00042330936087775495
1016,0.0018726475762472494
1017,0.010962804637051099
1018,0.0022270735019191967
1019,0.007733145242259876
1020,0.0031650458592065167
1021,0.00300068523300534
1022,0.008540947500276452
1023,0.007129332430161561
1024,0.009360891571716934
1025,0.0009336591387258952
1026,0.0014140980080907806
1027,0.0055550722144867
1028,0.0013732680825362387
1029,0.004282301258576309
1030,0.004043170624306369
1031,0.007360935697737658
1032,0.006754559270808036
1033,0.0053184962807464875
1034,0.0031110769841629082
1035,0.0008239239203988724
1036,0.008832975404114374
1037,0.004316012031799765
1038,0.0025757193160868552
1039,0.008171424093173563
1040,0.004115423941197349
1041,0.007990721313209825
1042,0.00395829503980516
1043,0.007940663148800875
1044,0.0007865770790473903
1045,0.002206269198164912
1046,0.0021991334935739237
1047,0.0030974494983724288
1048,0.002082999758276527
1049,0.0018475524219174755
1050,0.013055426015976158
1051,0.003821019493686406
1052,0.0028785095277990558
1053,0.008765945133654973
1054,0.0031083468017947258
1055,0.002100567112149898
1056,0.003007171022496258
1057,0.0056116242640311675
1058,0.004580160844808723
1059,0.00698606816112235
1060,0.0029746616429470185
1061,0.0016828009194266302
1062,0.006027670080035796
1063,0.0023959243362759453
1064,0.007233525359757131
1065,0.003044004659157662
1066,0.0023701585256836744
1067,0.007833111483766864
1068,0.0028813643620158036
1069,0.00689308411656292
1070,0.003272602568072047
1071,0.002795869797853845
1072,0.004773621023163366
1073,0.0006978167411701985
1074,0.007860284992712963
1075,0.0026085787997076615
1076,0.006981284953963385
1077,0.0037489407102387906
1078,0.002271395634514839
1079,0.008719222134159654
1080,0.0026342911947089265
1081,0.002823406629329006
1082,0.00032287577861844774
1083,0.003000282748189975
1084,0.007327333873965891
1085,0.0017846012054832938
1086,0.005826249251663973
1087,0.0027478825168835153
1088,0.00411337970692538
1089,0.004234666072220228
1090,0.0015265845762684194
1091,0.0014322535136043757
1092,0.002660056865361249
1093,0.0023701091055645662
1094,1.7085152077878085e-05
1095,0.0010432660963214935
1096,0.002528969099632128
1097,0.00103511601141143
1098,0.0065761351974359394
1099,0.0016494570747702664
1100,0.010793984574563507
1101,0.0019838484760164032
1102,0.0021197902133881508
1103,0.006745929279162843
1104,0.001862478534857992
1105,0.0017317814930110642
1106,0.0009967013222398902
1107,0.0017218807203164266
1108,0.0009897546849529926
1109,0.008528150292007436
1110,0.002432526405848845
1111,0.001341345846328501
1112,0.005303183485739382
1113,0.003451502063603451
1114,0.0024033467806156006
1115,0.0016792657587544335
1116,0.002746991460867154
1117,0.0013109026674563706
1118,0.002731678222834044
1119,0.002741020706572006
1120,0.0053128758363577555
1121,0.0014692186970807208
1122,0.0018749022995590003
1123,0.00448572596018193
1124,0.002088359132059958
1125,0.006109196116464988
1126,0.0016356959583470054
1127,0.005018704258049067
1128,0.0005483710692397725
1129,0.002527411577101568
1130,0.0018242317343676318
1131,0.00447156496620793
1132,0.001042592115550578
1133,0.0017978220541444712
1134,0.002385105241914376
1135,0.0017995596782945933
1136,0.0024812897154812275
1137,0.005004293365980295
1138,0.001874176259336724
1139,0.00938343533737529
1140,0.0021721504491797328
1141,0.00216558944803269
1142,0.0028095447616850455
1143,0.003297621513120741
1144,0.001422793728095062
1145,0.0008917777050765352
1146,0.006091200483254122
1147,0.0017049727121936087
1148,0.00045406318540730517
1149,0.0031719640794303783
1150,0.00014221514420198478
1151,0.0025381086993745416
1152,0.005562140318163156
1153,0.0021244157681528097
1154,0.002122291352384731
1155,0.0023692604517290272
1156,0.000864724193212707
1157,0.001784466467247281
1158,0.002449348667446616
1159,0.0001103117867332637
1160,0.000546704115062524
1161,0.004936507486596908
1162,0.0024470096305659883
1163,0.0014445626209353968
1164,0.0016213589283308183
1165,0.0044189147793026184
1166,0.002096494121955894
1167,0.0015199373272364869
1168,0.0021850840565759144
1169,0.0005162323058526819
1170,0.0018490494068801322
1171,0.004802682152880988
1172,0.002111406083909473
1173,0.002775961344492206
1174,0.0024398520498143395
1175,0.0015407904335711375
1176,0.0015090643419870542
1177,0.0018408886109784195
1178,0.005439900329891001
1179,0.0011129405163563533
1180,0.002166941155370916
1181,0.0014981075475488659
1182,0.005672167708248965
1183,0.0013511094968255977
1184,0.005936619379028452
1185,0.0006175021607794928
1186,0.005538362332457747
1187,0.0008948152115129115
1188,0.004474925372229599
1189,0.0021095960222502486
1190,0.0024408197595613412
1191,0.00789120308034491
1192,0.0008910968888657944
1193,0.005463109988543824
1194,0.000833017930080282
1195,0.005067648393954349
1196,0.0027734363879541313
1197,0.0027706629515661385
1198,0.0004345589552812168
1199,0.0027674577296592506
1200,0.0024313569385963074
1201,0.002428925581657637
1202,0.002759829989409379
1203,0.00275707015941995
1204,0.0027543130892605516
1205,0.0014182254428379837
1206,0.0027501405507284193
1207,0.0052667410326773245
1208,0.0019711827927171646
1209,0.0013025449432577767
1210,0.009571842955585039
1211,0.006765130152793231
1212,0.0012916705553589342
1213,0.009402321649100459
1214,0.008928444332980637
1215,0.0027594222813631664
1216,0.001423329525748529
1217,0.0027552395295560306
1218,0.0027524842900265023
1219,0.008815840080287934
1220,0.00636480434435871
1221,0.009338229474150472
1222,0.0014227632767475074
1223,0.004898006535081989
1224,0.009546903323417288
1225,0.0004262385200058949
1226,0.00850714707383668
1227,0.005100700058353724
1228,0.009455116499435564
1229,0.0007642463148774814
1230,0.0014301487352292863
1231,0.0027620519198273685
1232,0.0027592898679076328
1233,0.00242319724470641
1234,0.00872879399311366
1235,0.004817749065262333
1236,0.0019287580970235724
1237,0.009771300553856666
1238,0.0024255917965269047
1239,0.002423166204730376
1240,0.0024207430385256856
1241,0.00507029939048298
1242,0.010856133312768171
1243,0.007947168153859208
1244,0.00877718611590575
1245,0.0024233925948775603
1246,0.0017543025356160369
1247,0.0014192148997471676
1248,0.0017511290181807526
1249,0.0017493778891625178
1250,0.002414295177940007
1251,0.002745214216095415
1252,0.0017424690018793543
1253,0.002740726532877491
1254,0.0017379858063445441
1255,0.0024029144872048658
1256,0.003067178239384405
1257,0.008101230275914417
1258,0.0007307777278116045
1259,0.002730046950083831
1260,0.0010606502364670645
1261,0.0023929229195639445
1262,0.0013951172118242816
1263,0.0017683595161657184
1264,0.0023970812753514315
1265,0.0024389163191489427
1266,0.0023867377981572346
1267,0.002384351060359058
1268,0.0013819667092986876
1269,0.001380584742589397
1270,0.0006530576396995835
1271,0.0010895167339372014
1272,0.0024773122701690076
1273,0.0027118844335404235
1274,0.0013758392157735555
1275,0.0009710846211797852
1276,0.00208594990493316
1277,0.0018105422561858209
1278,0.0013297755377513765
1279,0.0021377381467969636
1280,0.001038829183065526
1281,0.002037790353882407
1282,0.0013690858968619102
1283,0.0019579270380235547
1284,0.0011085612245712584
1285,0.005242320363452069
1286,0.0015184124031545343
1287,0.0016990922172603895
1288,0.0005917121727446739
1289,0.0007461724901133282
1290,0.001516383793731979
1291,0.0020301347462037267
1292,0.001361437944790822
1293,0.0006934098401794042
1294,0.0006927164303391908
1295,0.0010253570472421591
1296,0.0020243316901948916
1297,0.0015278841805823618
1298,0.0019187507360437506
1299,0.0023541128076575157
1300,0.0026850920281831225
1301,0.009532297996524733
1302,0.0016824069361549565
1303,0.0016807245292188577
1304,0.002445850732388788
1305,0.00233053024531904
1306,0.0007757003306060328
1307,0.001406327319514733
1308,0.0017382543255285432
1309,0.002616093762724203
1310,0.008536834800817295
1311,0.0020672333107736307
1312,0.0010651660774628757
1313,0.0013974342447187205
1314,0.0007293701438073619
1315,0.0007286407736635248
1316,0.0010612454662232151
1317,0.0007268508874236357
1318,0.001392790703202862
1319,0.0013913979124996478
1320,0.0007233398479205011
1321,0.001055949841406001
1322,0.0010548938915645456
1323,0.0020538389976729743
1324,0.0017184518253419157
1325,0.0017167333735166324
1326,0.0007150166401430624
1327,0.0007143016235029442
1328,0.0003802539885461309
1329,0.00921627547600909
1330,0.0013798737345576129
1331,0.001045160527489708
1332,0.0007107820336288428
1333,0.0013767379182618722
1334,0.0010420278470103517
1335,0.0010409858191633425
1336,0.010216613117064094
1337,0.0013732781666774274
1338,0.0021366960951514358
1339,0.001911737516359091
1340,0.0007031015257489281
1341,0.0010357317575565572
1342,0.0007013626924656791
1343,0.0010339946631064967
1344,0.011120757979829154
1345,0.0012472064017948759
1346,0.0016758222536266132
1347,0.0007893764886883758
1348,0.000923587793124514
1349,0.0021231283472729068
1350,0.0003641232075818346
1351,0.0015964855049095394
1352,0.0007862092088792849
1353,0.002225150139414489
1354,0.0017977899401601105
1355,0.005592558712913309
1356,0.0010916540988691326
1357,0.0006977210823421176
1358,0.00036369002792646654
1359,0.0019423921432549784
1360,0.00108670235793773
1361,0.004651540403273535
1362,0.0013613839457552457
1363,0.010842324775315756
1364,0.0013673048040622193
1365,0.001330276756819182
1366,0.004678912226179999
1367,0.0013600225618094486
1368,0.0016919958725810647
1369,0.00014325186643704413
1370,0.001338476737057892
1371,0.0030038049269875966
1372,0.0016674677887271727
1373,0.002999133654271846
1374,0.002662801187284236
1375,0.001720693037128962
1376,0.001312045381543725
1377,0.0003819611818580704
1378,0.001022468416526645
1379,0.000688112614776748
1380,0.0009519234347187266
1381,0.002068770776900486
1382,0.0016864725787273382
1383,0.0023844598770315084
1384,9.792188928881007e-05
1385,0.004326309315906052
1386,0.0003013363436800143
1387,0.0019893002944344484
1388,0.0013206443274733637
1389,0.0009859903498123934
1390,0.00898479120817447
1391,0.0010202025630152711
1392,0.0010191823604522865
1393,0.002018163178091781
1394,0.0010161450149137607
1395,0.0010151288698987404
1396,0.0009427648417915657
1397,0.0007315048089426845
1398,0.0006065874033208685
1399,0.0023176061879870424
1400,0.0009988743928592836
1401,0.005092579994482982
1402,0.0009457234487770805
1403,0.002391639907237675
1404,0.0006782853320016491
1405,0.0016176747868011931
1406,0.0023883871492345055
1407,0.002679366605404243
1408,0.011225314686938902
1409,0.0016786687384883203
1410,0.0009663338352787765
1411,0.0020308606681240793
1412,0.0023456896317546327
1413,0.005369444577386195
1414,0.0009761432351340638
1415,0.0019796794224056224
1416,0.001025007543174472
1417,0.0033257278649385658
1418,0.001376770591448473
1419,0.002042060487523756
1420,0.002040018427036161
1421,0.004924499156352291
1422,0.0016690316413860984
1423,0.0018573743383777375
1424,0.00236638724278615
1425,0.0020306875222100285
1426,0.008075421821143068
1427,0.0055070855491382575
1428,0.0020829964855000327
1429,0.0013564830824720486
1430,0.005419702894452705
1431,0.002001180846852746
1432,0.004347495237886467
1433,0.0013499526363405234
1434,0.001348602683704181
1435,0.002548282375075317
1436,0.005652693379751161
1437,0.0010164690300621393
1438,0.0019537090009935643
1439,0.005296937582273897
1440,0.0016840729366998097
1441,0.0012366735354435443
1442,0.0020067291303416113
1443,0.001671389067877893
1444,0.004877880285746983
1445,0.0016836255372985054
1446,0.0011641390691063958
1447,0.011200896068124994
1448,0.0014858310117485951
1449,0.0048204043819974896
1450,0.00042758906219320103
1451,0.0019933527274755836
1452,0.0016580260414148507
1453,0.0026563680153733893
1454,0.0023203783140246514
1455,0.005740315712139954
1456,0.0022499325155282968
1457,0.0009606638709440674
1458,0.005282688320341622
1459,0.0013526468014418702
1460,0.0012503728386992208
1461,0.004564115236136312
1462,0.00231409370310498
1463,0.004331686088503983
1464,0.0023167723928464445
1465,0.0010476572338316004
1466,0.0016858751821227091
1467,0.0016841893069405867
1468,0.0013491717843003848
1469,0.002347822612515982
1470,0.0013454747899035446
1471,0.001614277530175623
1472,0.0013880925528918509
1473,0.005632695382719155
1474,0.0012523085885645102
1475,0.004221197461133697
1476,0.0013469959012323285
1477,1.231557199776745e-05
1478,0.00034563658975916844
1479,0.0020328952793666755
1480,0.0026392608428511544
1481,0.002303288248674873
1482,0.0019205270832529653
1483,0.00134325805789004
1484,0.0003419147998321437
1485,0.010066461187366899
1486,0.0015893582208628132
1487,0.0019635281930946435
1488,0.001961564664901605
1489,0.004174237479755316
1490,0.0013431622432531487
1491,0.010630247478361415
1492,0.0016751524143432395
1493,0.0013401439285954941
1494,0.0016721371180002942
1495,0.0010037983142155982
1496,0.0020027945159013516
1497,0.00133412505471886
1498,0.001332790929664096
1499,0.0009509450441347322
1500,0.003998570390364553
1501,0.0018850422132572486
1502,0.0006657424171119253
1503,0.0013317433413615465
1504,0.0012587566510979808
1505,0.0038626030649582255
1506,0.0018780723236691
1507,0.004270257369063946
1508,0.0023191206878465653
1509,0.005029527185740124
1510,0.001503430687851165
1511,0.0025019272571633056
1512,0.00932565078944092
1513,0.0021056710875155815
1514,0.001568659473611289
1515,0.0005085826616526568
1516,0.00260996409859926
1517,0.004191179431168868
1518,0.00587493943000883
1519,0.010246768077379287
1520,0.0019986180052355973
1521,0.0003642908369303477
1522,0.0019928040409675774
1523,0.0012751498350569435
1524,0.0013295884297268579
1525,0.001994925507963874
1526,0.0011658274377335243
1527,0.004418095194985816
1528,0.0007810729732680155
1529,0.004033551252943246
1530,0.002661544149533457
1531,0.0014302423904208883
1532,0.004337630789579161
1533,0.0016603128477743478
1534,0.000393504417888213
1535,0.0034149394210345463
1536,0.010533781422959493
1537,0.0019923793726779326
1538,0.001773560955558695
1539,0.004675107850850124
1540,0.0013804160420121114
1541,0.0005891135094021616
1542,0.003610041892869398
1543,0.0009954861496381806
1544,0.010286013456845503
1545,0.001661203123119126
1546,0.0016595419199958439
1547,0.0009912157114091436
1548,0.0019902244956977455
1549,0.0013215676045355007
1550,0.0016535793702643353
1551,0.0013185924575607189
1552,0.0019839405317698677
1553,0.0013152899245714167
1554,0.0021148331130469433
1555,0.0008505727862935242
1556,0.0014789645039947619
1557,0.002251581020666471
1558,0.002915996106312546
1559,0.0012464134435395957
1560,0.004964954739953953
1561,0.0013617643511605326
1562,0.0022402020753560237
1563,0.0015712952066140318
1564,0.004864934340574223
1565,0.0009813671970555493
1566,0.0019803858298583776
1567,0.0003117387773619029
1568,0.0009780937052512595
1569,0.006452716051087215
1570,0.007276127169228791
1571,0.002231525643733523
1572,0.004107492899190435
1573,0.0006502349942638652
1574,0.0006495847592695725
1575,0.0005373278816129812
1576,0.003901274840228397
1577,0.009358059406303437
1578,0.0013228694204248104
1579,0.00132154655100436
1580,0.002320225004453391
1581,0.0021617897161452237
1582,0.0024737850313056864
1583,0.00016747158915886295
1584,0.003700934315310267
1585,0.001318197538687782
1586,0.005665949075471577
1587,0.009726242330894752
1588,0.00040916230700793754
1589,0.0043424554166719975
1590,0.0006481543048530991
1591,0.005022737329526759
1592,0.005937246248078287
1593,0.005456857275013105
1594,0.0020589670387760606
1595,0.010760190298364392
1596,0.0013199266056656
1597,0.0019852733457266236
1598,0.0020053253688743222
1599,0.0013141728172150202
1600,0.0012970417208693075
1601,0.010306359247601649
1602,0.0016448949360101661
1603,0.0006432500410742392
1604,7.214347944373145e-05
1605,0.0013620503928404304
1606,0.006619511271057199
1607,0.006873008224267618
1608,0.003979800003277578
1609,0.005551541991954956
1610,0.0017797128472014923
1611,0.009243414529375937
1612,0.0016521389052777113
1613,0.0009838200997058788
1614,0.0019828362796061594
1615,0.0033141867766599553
1616,0.004875717643332278
1617,0.009881721019851186
1618,0.005071358311053542
1619,0.0027291305244058206
1620,0.009043303612942477
1621,0.0023208196658375257
1622,0.0026518321795050426
1623,0.0009825136806589363
1624,0.002981531166978302
1625,0.009200403356915854
1626,0.0006452163024779356
1627,0.0016445710861754392
1628,0.0013095931817559414
1629,0.01018006278533834
1630,0.001308283588574266
1631,0.0023069753049855812
1632,0.004742872848943147
1633,0.008388880079918393
1634,0.0026427445358629953
1635,0.000890665234551502
1636,7.341765633683828e-05
1637,0.0015490860077795876
1638,0.000246708079489677
1639,0.0017572667355856275
1640,0.005393989723542658
1641,0.000972752640153729
1642,0.0022058865826073415
1643,0.0001018846870231016
1644,0.002518078012297975
1645,0.00012352854226338472
1646,0.0018273423223886809
1647,0.0006492463229774703
1648,0.0006485970766545446
1649,0.0006479484795778312
1650,0.0007859480856169387
1651,0.0015003212255149112
1652,0.0006465145830125696
1653,0.0024246787612391962
1654,0.0040857339384812175
1655,0.0014693145356556858
1656,1.8373919475678235e-05
1657,0.001822780707588345
1658,0.0016289256115016304
1659,0.001454571795276971
1660,0.0008323043771734095
1661,0.0011141834833854336
1662,0.0015006756514188702
1663,0.0019580612639449324
1664,0.001899371347080514
1665,0.004960806723169897
1666,0.003102023053158265
1667,0.009401375819046182
1668,0.0012875371646672296
1669,0.005276513946882444
1670,0.009097798299492699
1671,0.0013108220270408033
1672,0.01022734212576265
1673,0.0020499402161080482
1674,0.0021296605693696957
1675,0.0021572103888845007
1676,0.0017944455238425583
1677,0.0006406873279583003
1678,0.011616274364938166
1679,0.0006400466406302208
1680,0.00030607326065634766
1681,0.0005308541617936591
1682,0.00029432072898094574
1683,0.011505452116016794
1684,0.0070047667048733775
1685,0.009116360081573072
1686,0.000509672854209331
1687,0.000867326014515335
1688,0.0009542687020229756
1689,4.6685566679194324e-05
1690,0.0009533611188874414
1691,0.0010550469457013545
1692,0.001218230008502852
1693,0.0016180193774895102
1694,0.0008140754918497528
1695,0.002523346129874371
1696,0.0009768222105823732
1697,0.0006425120550384023
1698,9.1467455732408e-05
1699,0.0011801765507344353
1700,0.00043450770346487033
1701,0.0012944377464976231
1702,0.0022931433087511888
1703,0.002290850165442393
1704,0.0019552259819437534
1705,0.0019532707559617446
1706,0.002074416074972385
1707,0.0008702480560656145
1708,0.0012825764024642083
1709,0.002281293826061681
1710,0.0009456791989022051
1711,0.0022780668530366643
1712,0.0022337190362340387
1713,0.0013737054838667273
1714,0.0034951357045056586
1715,0.005500821694400249
1716,0.0022731679055529863
1717,0.002645656674194141
1718,0.0046532864945135755
1719,0.002226625316429809
1720,0.0017113103228068027
1721,0.001219760856170815
1722,0.0017051750672842925
1723,0.002267835513069194
1724,0.002265567677556257
1725,0.000546900074636536
1726,0.004343789843853307
1727,0.0019305156766198373
1728,0.001928585160943408
1729,0.00025998990911579867
1730,0.006322889819954991
1731,0.010776105102488054
1732,0.0022660528090265863
1733,0.001263786756217522
1734,0.002262522969461278
1735,0.002593593779825154
1736,0.002924333519378708
1737,0.0029214091858593694
1738,0.0022518211100068797
1739,0.001916235955563339
1740,0.0066800068700199056
1741,0.0015729485999368686
1742,0.010424758975068338
1743,0.002587666393144561
1744,0.006531104097075913
1745,0.009021295695929956
1746,0.011923563352776842
1747,0.009398744438802176
1748,0.002258276497515199
1749,0.002589351554350916
1750,0.002586762202796633
1751,0.0019175087739271568
1752,0.0025822579318199868
1753,0.0022463423405547633
1754,0.002577429331547476
1755,0.0025748519022159577
1756,0.0025722770503138204
1757,0.0022363714399300516
1758,0.0022341350684902395
1759,0.00932299129576819
1760,0.002898567600088331
1761,0.002562335699154872
1762,0.0025597733634556974
1763,0.002557213590092422
1764,0.00222132304316891
1765,0.0018857683867923303
1766,0.01014019558135354
1767,0.0013833808765781885
1768,0.002489483129806791
1769,0.0022158325708623305
1770,0.0018802834049582717
1771,0.002878403121553186
1772,0.0028755247184315547
1773,0.0025393158603799204
1774,0.002536776544519448
1775,0.0028675731013083627
1776,0.002531372194873649
1777,0.00771159177321179
1778,0.012171028269931794
1779,0.0025365524144520535
1780,0.002200682528704201
1781,0.002885324509187104
1782,0.006821187653773486
1783,0.007034886324409628
1784,0.01312438148691783
1785,0.006964537461165543
1786,0.010671209573386034
1787,0.001882033261136895
1788,0.0016230401358439117
1789,0.0032174746172819457
1790,0.0015451948544067395
1791,0.0022103163262188197
1792,0.0012081060098927399
1793,0.006550204772935109
1794,0.010581763849983258
1795,0.001213448108655646
1796,0.0015455679938805034
1797,0.0018773557592197676
1798,0.002208811736793992
1799,0.001206602925057254
1800,0.0025387296554655325
1801,0.0025361909258099224
1802,0.0025336547348842053
1803,0.002830874813898765
1804,0.005132240354088435
1805,0.0005908998982446789
1806,0.0019531526327669635
1807,0.010780034277623654
1808,0.0019336211064393538
1809,0.0022006186216299017
1810,0.0015363127890430928
1811,0.0009587972964848479
1812,0.0009625705586482347
1813,0.000863548356885957
1814,0.0011960181418622096
1815,0.0015259391609570017
1816,0.003574527135728256
1817,0.0005296813962147873
1818,0.002195818381485193
1819,0.0011838335725060656
1820,0.000360845326829784
1821,0.0016632066191886175
1822,0.0001837164884122
1823,0.0006378523118777402
1824,0.0019751828116070236
1825,0.0005387299729726625
1826,0.0012936128865810304
1827,0.0021917162830698
1828,0.0106213494234432
1829,0.0012134106527392774
1830,0.0035333430315993564
1831,0.0019936227201236
1832,0.0017719642016040815
1833,0.010013670725763035
1834,0.006859778459519905
1835,0.009851796012369712
1836,0.0005309310892323005
1837,0.0018637334914763937
1838,0.004810531205688751
1839,0.006713835307141536
1840,0.006678355844563555
1841,0.00019832452200366224
1842,0.0023232928508947286
1843,0.0015196341276783598
1844,0.010320917130189983
1845,0.006836555737432359
1846,0.0011744602430871498
1847,0.0015066191161774156
1848,0.010129368163658531
1849,0.006652896152351762
1850,0.009968198416650781
1851,0.0061633200717450265
1852,0.009813046551838567
1853,0.007013369452061102
1854,0.009651795761251636
1855,0.0022456190702648815
1856,0.005832955836966303
1857,0.001465550088167844
1858,0.009167053317374108
1859,0.0026686453418405254
1860,0.0015280174184393314
1861,0.0019890443785213208
1862,0.0018639719769950602
1863,0.001319263015862493
1864,0.007722794886835693
1865,0.0032390759704727314
1866,0.0014549174847622859
1867,0.00043622264349046924
1868,0.00984861948446586
1869,0.005730656047256533
1870,0.00911898841041367
1871,0.005980796559377
1872,0.009307304690608476
1873,0.0019114639595574356
1874,0.006507512848874741
1875,0.008458925025638692
1876,0.0010201912687990422
1877,0.0074859624273557746
1878,0.01311338177885793
1879,0.007415366725684214
1880,0.011915509660538191
1881,0.0019207433172230282
1882,0.0022521559072390396
1883,0.00191657041799842
1884,0.0015813205142471976
1885,0.0016067281266214373
1886,0.0022679157473668443
1887,0.0015781324656063411
1888,0.006410912148075765
1889,0.0014270135717943666
1890,0.0017589198915558824
1891,0.005185551255020944
1892,0.00175716097166434
1893,0.001422070477359344
1894,0.009293130194554328
1895,0.001582965245288781
1896,0.005888374689752229
1897,0.00882811687427526
1898,0.005083371224319455
1899,0.0017358604931465016
1900,0.0017341246326533222
1901,0.008992718846588976
1902,0.004920373176324766
1903,0.008525174966202864
1904,0.0022639410658005232
1905,0.004483748947190502
1906,0.0017148726142078852
1907,0.008402796219466213
1908,0.0025994942070153293
1909,0.0029302280461416252
1910,0.0017693922786394811
1911,0.001452006281331908
1912,0.002592195092483429
1913,0.005780098867791628
1914,0.008355769154079984
1915,0.009625089483943527
1916,0.002262049662925536
1917,0.003343933244053243
1918,0.008292569909505498
1919,0.0019264542799291018
1920,0.0019245278256492249
1921,0.0019226032978236773
1922,0.001254014027859185
1923,0.0022527600138313453
1924,0.0025838405871507764
1925,0.003027659431970614
1926,0.008316422010700653
1927,0.0019145900798969162
1928,0.0022460088231504027
1929,0.0019104294809939582
1930,0.0019085190515129025
1931,0.001906610532461439
1932,0.0025713705885956895
1933,0.0019021325513404186
1934,0.0012335637521223575
1935,0.0018989968550369163
1936,0.0014804607360354716
1937,0.002373352140524254
1938,0.0008203496312730874
1939,0.0022743508529463607
1940,0.001938743168760082
1941,0.0019368044255914096
1942,0.0022682009544992
1943,0.0019394874384492944
1944,0.007826769498900266
1945,0.004631599426906628
1946,0.0012684870725372388
1947,0.002970339509133696
1948,0.005544163653893389
1949,0.0011791716733446367
1950,0.005478109472294351
1951,0.008446439035502296
1952,0.0019306599327728602
1953,0.010974769877772439
1954,0.004776829907691793
1955,0.001340458070676953
1956,0.0013391176126062998
1957,0.0013377784949937244
1958,0.001336440716498688
1959,0.008227428402001358
1960,0.005248986786621002
1961,0.008097913236901733
1962,0.0022412061374332826
1963,0.002238964931295939
1964,0.0019033926330314088
1965,0.004520784669973743
1966,0.0013187789341432832
1967,0.0013174601552091714
1968,0.008340670058258615
1969,0.0019918786592856286
1970,0.0023670765736294452
1971,0.0034936358450328164
1972,0.012427305647303107
1973,0.0019040181464089478
1974,0.004415743609002432
1975,0.0013078020249956968
1976,0.00790617338286298
1977,0.004783544652887509
1978,0.0012985880495878233
1979,0.0075500360014896795
1980,0.0025332962797035563
1981,0.0022398632052049727
1982,0.001570956675333024
1983,0.00458046430992054
1984,0.001289739425536729
1985,0.0012884496861111927
1986,0.007705916717542616
1987,0.004442102714358631
1988,0.0012794553197075786
1989,0.0033734798674711665
1990,0.005602279795686685
1991,0.007576084072740907
1992,0.00431798183268306
1993,0.0012705997803151292
1994,0.007448755397716167
1995,0.00419632781775392
1996,0.0012618804251370852
1997,0.007206126499744003
1998,0.007890395248486781
1999,0.011262653025975752
