scenario,strategy,app,admission_effect_mean,admission_effect_ci95,admission_zero_ci,allocation_effect_mean,allocation_effect_ci95,allocation_zero_ci,interaction_effect_mean,interaction_effect_ci95,interaction_zero_ci,interaction_exclusion_category_MY_INTERPRETATION,n_seeds
urban_dense,exhaustive_greedy,AR/VR,0.0969,0.0055,False,0.0085,0.0041,False,0.0073,0.0059,False,testable,20
urban_dense,exhaustive_greedy,Best-effort,0.0006,0.0053,False,-0.0772,0.0322,False,0.011,0.0097,False,testable,20
urban_dense,exhaustive_greedy,Global,-0.0528,0.006,False,-0.008,0.0033,False,0.0101,0.0046,False,testable,20
urban_dense,exhaustive_greedy,Streaming,-0.2668,0.0273,False,-0.0123,0.0055,False,0.0142,0.0101,False,testable,20
urban_dense,no_cr,AR/VR,0.0,0.0,True,0.0,0.0,True,0.0,0.0,True,structural (no CR present -> admission_policy provably inert),20
urban_dense,no_cr,Best-effort,0.0006,0.0053,False,-0.0772,0.0322,False,0.011,0.0097,False,testable,20
urban_dense,no_cr,Global,0.0,0.0004,False,-0.0074,0.0026,False,0.0009,0.0007,False,testable,20
urban_dense,no_cr,Streaming,0.0,0.0001,False,0.0,0.0001,False,-0.0,0.0001,False,testable,20
urban_dense,random,AR/VR,0.0649,0.0056,False,0.0242,0.0041,False,0.0082,0.008,False,testable,20
urban_dense,random,Best-effort,-0.0001,0.0047,False,-0.0566,0.0197,False,0.0008,0.008,False,testable,20
urban_dense,random,Global,-0.0337,0.0056,False,0.0038,0.0028,False,0.0079,0.0066,False,testable,20
urban_dense,random,Streaming,-0.1731,0.0195,False,-0.0068,0.0048,False,0.0105,0.0081,False,testable,20
urban_dense,static,AR/VR,0.0979,0.0079,False,0.0082,0.0058,False,0.0029,0.009,False,testable,20
urban_dense,static,Best-effort,0.0006,0.0053,False,-0.0772,0.0322,False,0.011,0.0097,False,testable,20
urban_dense,static,Global,-0.0478,0.0054,False,-0.0102,0.0044,False,0.0097,0.0062,False,testable,20
urban_dense,static,Streaming,-0.2566,0.0278,False,-0.0181,0.0055,False,0.0194,0.0105,False,testable,20
urban_dense,trained,AR/VR,0.0907,0.0051,False,0.0089,0.0073,False,-0.0197,0.0134,False,testable,20
urban_dense,trained,Best-effort,0.0006,0.0053,False,-0.0772,0.0322,False,0.011,0.0097,False,testable,20
urban_dense,trained,Global,-0.018,0.0058,False,-0.0002,0.0049,False,-0.0039,0.0082,False,testable,20
urban_dense,trained,Streaming,-0.167,0.0182,False,0.0052,0.0077,False,0.0116,0.0198,False,testable,20
urban_light,exhaustive_greedy,AR/VR,0.0558,0.014,False,0.1717,0.0259,False,0.0477,0.014,False,testable,20
urban_light,exhaustive_greedy,Best-effort,0.0,0.0,True,-0.0695,0.025,False,0.0,0.0,True,empirical (this scenario/strategy pair happened to show zero seed variance),20
urban_light,exhaustive_greedy,Global,-0.0186,0.0072,False,0.0215,0.0119,False,0.0129,0.0037,False,testable,20
urban_light,exhaustive_greedy,Streaming,-0.0726,0.0254,False,0.0046,0.0069,False,0.0027,0.0025,False,testable,20
urban_light,no_cr,AR/VR,0.0,0.0,True,0.0,0.0,True,0.0,0.0,True,structural (no CR present -> admission_policy provably inert),20
urban_light,no_cr,Best-effort,0.0,0.0,True,-0.0695,0.025,False,0.0,0.0,True,structural (no CR present -> admission_policy provably inert),20
urban_light,no_cr,Global,0.0,0.0,True,-0.0184,0.0059,False,0.0,0.0,True,structural (no CR present -> admission_policy provably inert),20
urban_light,no_cr,Streaming,0.0,0.0,True,-0.0,0.0001,False,0.0,0.0,True,structural (no CR present -> admission_policy provably inert),20
urban_light,random,AR/VR,0.0457,0.0115,False,0.1604,0.0214,False,0.0308,0.01,False,testable,20
urban_light,random,Best-effort,0.0,0.0,True,-0.0505,0.0157,False,0.0,0.0,True,empirical (this scenario/strategy pair happened to show zero seed variance),20
urban_light,random,Global,-0.0112,0.0044,False,0.0262,0.0088,False,0.0077,0.0026,False,testable,20
urban_light,random,Streaming,-0.0512,0.0167,False,0.0132,0.0071,False,0.0008,0.003,False,testable,20
urban_light,static,AR/VR,0.0143,0.0048,False,0.0173,0.011,False,0.0002,0.0011,False,testable,20
urban_light,static,Best-effort,0.0,0.0,True,-0.0695,0.025,False,0.0,0.0,True,empirical (this scenario/strategy pair happened to show zero seed variance),20
urban_light,static,Global,0.0005,0.001,False,-0.0171,0.007,False,0.0001,0.0002,False,testable,20
urban_light,static,Streaming,-0.0073,0.0033,False,-0.0031,0.0082,False,0.0001,0.0006,False,testable,20
urban_light,trained,AR/VR,0.0494,0.0141,False,0.1778,0.028,False,0.0542,0.0188,False,testable,20
urban_light,trained,Best-effort,0.0,0.0,True,-0.0695,0.025,False,0.0,0.0,True,empirical (this scenario/strategy pair happened to show zero seed variance),20
urban_light,trained,Global,-0.0075,0.0091,False,0.0306,0.01,False,-0.0097,0.0109,False,testable,20
urban_light,trained,Streaming,-0.0502,0.0298,False,0.0171,0.0245,False,-0.0466,0.0179,False,testable,20
urban_medium,exhaustive_greedy,AR/VR,0.0666,0.0125,False,0.0286,0.0157,False,0.0134,0.0064,False,testable,20
urban_medium,exhaustive_greedy,Best-effort,0.0,0.0,True,-0.0644,0.0202,False,0.0,0.0,True,empirical (this scenario/strategy pair happened to show zero seed variance),20
urban_medium,exhaustive_greedy,Global,-0.0271,0.0076,False,-0.0052,0.0086,False,0.0081,0.0036,False,testable,20
urban_medium,exhaustive_greedy,Streaming,-0.1692,0.0439,False,-0.0135,0.009,False,0.0067,0.0071,False,testable,20
urban_medium,no_cr,AR/VR,0.0,0.0,True,0.0,0.0,True,0.0,0.0,True,structural (no CR present -> admission_policy provably inert),20
urban_medium,no_cr,Best-effort,0.0,0.0,True,-0.0644,0.0202,False,0.0,0.0,True,structural (no CR present -> admission_policy provably inert),20
urban_medium,no_cr,Global,0.0,0.0,True,-0.012,0.0038,False,0.0,0.0,True,structural (no CR present -> admission_policy provably inert),20
urban_medium,no_cr,Streaming,0.0,0.0,True,-0.0,0.0001,False,0.0,0.0,True,structural (no CR present -> admission_policy provably inert),20
urban_medium,random,AR/VR,0.0573,0.008,False,0.1042,0.0203,False,0.031,0.008,False,testable,20
urban_medium,random,Best-effort,0.0,0.0,True,-0.0705,0.0272,False,0.0,0.0,True,empirical (this scenario/strategy pair happened to show zero seed variance),20
urban_medium,random,Global,-0.0303,0.006,False,0.0196,0.0102,False,0.017,0.004,False,testable,20
urban_medium,random,Streaming,-0.1593,0.0299,False,-0.0248,0.0047,False,0.0119,0.0051,False,testable,20
urban_medium,static,AR/VR,0.047,0.0099,False,0.0062,0.0074,False,-0.0025,0.0017,False,testable,20
urban_medium,static,Best-effort,0.0,0.0,True,-0.0644,0.0202,False,0.0,0.0,True,empirical (this scenario/strategy pair happened to show zero seed variance),20
urban_medium,static,Global,-0.0148,0.0053,False,-0.0199,0.0062,False,0.0049,0.0021,False,testable,20
urban_medium,static,Streaming,-0.1041,0.0285,False,-0.0312,0.0119,False,0.0173,0.0079,False,testable,20
urban_medium,trained,AR/VR,0.0583,0.0114,False,0.0402,0.0164,False,0.0117,0.0073,False,testable,20
urban_medium,trained,Best-effort,0.0,0.0,True,-0.0644,0.0202,False,0.0,0.0,True,empirical (this scenario/strategy pair happened to show zero seed variance),20
urban_medium,trained,Global,-0.0204,0.0075,False,-0.001,0.0076,False,0.0072,0.0037,False,testable,20
urban_medium,trained,Streaming,-0.1384,0.0355,False,-0.0174,0.0092,False,0.0069,0.0054,False,testable,20
